<?xml version="1.0" encoding="UTF-8"?>
<bom xmlns="http://cyclonedx.org/schema/bom/1.5" version="1" serialNumber="urn:uuid:449a6039-f23f-38d1-b628-9989e2f4b52e">
  <metadata>
    <tools>
      <tool>
        <vendor>OWASP Foundation</vendor>
        <name>CycloneDX Maven plugin</name>
        <version>2.7.10</version>
        <hashes>
          <hash alg="MD5">1cc7f6a0382f8bb2f758d6a6ea401d1b</hash>
          <hash alg="SHA-1">a4297947a1f2d7d453105db542651614bbd37f38</hash>
          <hash alg="SHA-256">bd0fdd8f2f2116eee5e715aeac1580f19eb7a10ec2b6f805b53567067658e872</hash>
          <hash alg="SHA-512">9cde8352a427e10b96cae01348fc7cfe5d4aa9cd0a5e5dd93b414ce3bb7d112993c3b3004e53af52567fbfa16de0704ec59a5556a635ad70571fd124ae389f39</hash>
          <hash alg="SHA-384">93d7bf5b5c735347edfbfbd66810273ca840f9a322b816d22d44c3d8e8255c09e86570bb23712aeb0cade0f478be5aeb</hash>
          <hash alg="SHA3-384">4467f16e9ca32190a6e49c65339eb28ee5e8c78f4e918fcf95128a4b7648898de56ccb43eacfad0c9391ef8cdb7d629a</hash>
          <hash alg="SHA3-256">ed2996c99b483e969221d5e9a40f562ea2ab85442d361d72a90e85266a3ed781</hash>
          <hash alg="SHA3-512">c8e6ea9ddc38edc77e284b3bf541663e84752bdc59ed1935799847a48a14ea2fa531b61008fefcba37d732a56702a11ac112437b9b80d18f4ecc8ef0ecfb32cf</hash>
        </hashes>
      </tool>
    </tools>
    <component type="library" bom-ref="pkg:maven/org.apache.logging.log4j/log4j-core@2.22.1?type=jar">
      <publisher>The Apache Software Foundation</publisher>
      <group>org.apache.logging.log4j</group>
      <name>log4j-core</name>
      <version>2.22.1</version>
      <description>The Apache Log4j Implementation</description>
      <licenses>
        <license>
          <id>Apache-2.0</id>
          <url>https://www.apache.org/licenses/LICENSE-2.0</url>
        </license>
      </licenses>
      <purl>pkg:maven/org.apache.logging.log4j/log4j-core@2.22.1?type=jar</purl>
      <externalReferences>
        <reference type="website">
          <url>https://logging.apache.org/log4j/2.x/</url>
        </reference>
        <reference type="build-system">
          <url>https://github.com/apache/logging-log4j2/actions</url>
        </reference>
        <reference type="distribution">
          <url>https://logging.apache.org/log4j/2.x/download.html</url>
        </reference>
        <reference type="issue-tracker">
          <url>https://github.com/apache/logging-log4j2/issues</url>
        </reference>
        <reference type="mailing-list">
          <url>https://lists.apache.org/list.html?log4j-user@logging.apache.org</url>
        </reference>
        <reference type="vcs">
          <url>https://github.com/apache/logging-log4j2</url>
        </reference>
        <reference type="vulnerability-assertion">
          <url>https://logging.apache.org/cyclonedx/vdr.xml</url>
        </reference>
      </externalReferences>
    </component>
    <properties>
      <property name="maven.goal">makeBom</property>
      <property name="maven.scopes">compile,provided,runtime,system</property>
      <property name="cdx:reproducible">enabled</property>
    </properties>
  </metadata>
  <components>
    <component type="library" bom-ref="pkg:maven/javax.activation/javax.activation-api@1.2.0?type=jar">
      <publisher>Oracle</publisher>
      <group>javax.activation</group>
      <name>javax.activation-api</name>
      <version>1.2.0</version>
      <description>JavaBeans Activation Framework API jar</description>
      <scope>optional</scope>
      <hashes>
        <hash alg="MD5">5e50e56bcf4a3ef3bc758f69f7643c3b</hash>
        <hash alg="SHA-1">85262acf3ca9816f9537ca47d5adeabaead7cb16</hash>
        <hash alg="SHA-256">43fdef0b5b6ceb31b0424b208b930c74ab58fac2ceeb7b3f6fd3aeb8b5ca4393</hash>
        <hash alg="SHA-512">8ee0db43ae402f0079a836ef2bff5d15160e3ff9d585c3283f4cf474be4edd2fcc8714d8f032efd72cae77ec5f6d304fc24fa094d9cdba5cf72966cc964af6c9</hash>
        <hash alg="SHA-384">d38a6af7ed00f13de8b46d49b9592af9b67adf3df47ddae5e4672f989f3f39101d446a77d1c11319acf8ff0a5b4feedf</hash>
        <hash alg="SHA3-384">cfee76de5976d5994758a06113368092f09b0729d753b99969d6a5ec32919428bd7c270c98cbbc682ff8ebcf2b93fd8d</hash>
        <hash alg="SHA3-256">aff48d0f28d8a99690c5a84c3fffdb3775452d5387e5698f4c9028c92a3b4888</hash>
        <hash alg="SHA3-512">0507ece74b3147de60a830071bd434569c82e03f414a2b7f0d8a225dda36720d2e2194799cdc04def1909fdec21059b67c518bb9162f7f605764d542194e721d</hash>
      </hashes>
      <licenses>
        <expression>(CDDL-1.0 OR GPL-2.0-with-classpath-exception)</expression>
      </licenses>
      <purl>pkg:maven/javax.activation/javax.activation-api@1.2.0?type=jar</purl>
      <externalReferences>
        <reference type="website">
          <url>http://java.net/all/javax.activation-api/</url>
        </reference>
        <reference type="distribution">
          <url>https://maven.java.net/service/local/staging/deploy/maven2/</url>
        </reference>
        <reference type="issue-tracker">
          <url>https://github.com/javaee/activation/issues</url>
        </reference>
        <reference type="vcs">
          <url>https://github.com/javaee/activation/javax.activation-api</url>
        </reference>
      </externalReferences>
    </component>
    <component type="library" bom-ref="pkg:maven/javax.jms/javax.jms-api@2.0.1?type=jar">
      <group>javax.jms</group>
      <name>javax.jms-api</name>
      <version>2.0.1</version>
      <description>Java.net - The Source for Java Technology Collaboration</description>
      <scope>optional</scope>
      <hashes>
        <hash alg="MD5">d69d2e02910e97b2478c0105e9b2caab</hash>
        <hash alg="SHA-1">5faaa3864ff6025ce69809b60d65bda3e358610c</hash>
        <hash alg="SHA-256">aa4a16fac46d949b17b32091036e4d1e3c812ef3b4bd184ec838efffb53ba4f8</hash>
        <hash alg="SHA-512">9bb8c8e65fad5d321dd2e2bdb12251664cbb4df2b73eea0baa5e3c20207fcc238e6d459b735e0cb5fab8a17d34417b4ab12c351e26cb6bb46646a471ae87341a</hash>
        <hash alg="SHA-384">c3a379410019cecef3590c76f6c1126018640b33da6dcd545c0689fee898448db3d0ebe8a42686b138476b698c6924de</hash>
        <hash alg="SHA3-384">a775e7eea27e579c1ded2f0fe526885ef7a568e638ba091399e5ada4b87568360d42371be1e7dcabd0347eafe485868f</hash>
        <hash alg="SHA3-256">8671d7fd145a89a8856ccb9d4526da5284c04d8ba6e237f71b6d77d25232001e</hash>
        <hash alg="SHA3-512">8c365448286d0ca59d33694e3fcef5fd7cf0c7ae443aadf28d2d3ffea5764dc44f37e2c035ee3ce18a8014ab4c9f805d7f3eb5e4cd490dffab76163be564525c</hash>
      </hashes>
      <licenses>
        <expression>(CDDL-1.0 OR GPL-2.0-with-classpath-exception)</expression>
      </licenses>
      <purl>pkg:maven/javax.jms/javax.jms-api@2.0.1?type=jar</purl>
      <externalReferences>
        <reference type="website">
          <url>http://java.net/projects/jms-spec/pages/Home</url>
        </reference>
        <reference type="distribution">
          <url>https://maven.java.net/service/local/staging/deploy/maven2/</url>
        </reference>
        <reference type="issue-tracker">
          <url>http://java.net/jira/browse/JMS_SPEC</url>
        </reference>
        <reference type="vcs">
          <url>https://github.com/sonatype/jvnet-parent/javax.jms-api</url>
        </reference>
      </externalReferences>
    </component>
    <component type="library" bom-ref="pkg:maven/javax.mail/javax.mail-api@1.6.2?type=jar">
      <publisher>Oracle</publisher>
      <group>javax.mail</group>
      <name>javax.mail-api</name>
      <version>1.6.2</version>
      <description>JavaMail API jar</description>
      <scope>optional</scope>
      <hashes>
        <hash alg="MD5">c1df29c4b85433bd2f378b06c323c2d3</hash>
        <hash alg="SHA-1">17a8151bab44f9c94f34c10db70d95ba3c830eda</hash>
        <hash alg="SHA-256">17489addfc8d7b43afc7775072a56bbaadf32cfb1e9d39fb4b7ece890d6698f1</hash>
        <hash alg="SHA-512">caffe967707da5931160c21f01b4168fb469b75845b1e569cb315715c83b39a86da382e8e8d9d93eea203f25174f48c15a5f50b99f9f8284a304b1140ad59f4c</hash>
        <hash alg="SHA-384">bfa8e11f7766024d33e9c22d1ecc568825c903d43412daf57855be680b56b4a4a9c101502d7cd8c29a498d8e2ec64c57</hash>
        <hash alg="SHA3-384">95987eadb5fc346012c3435ee444f5c065bc181c9e6cffce5dd6922f2bbb2ca8eac1991f8471636206fb96930062e36d</hash>
        <hash alg="SHA3-256">e553ef75315c99ef1586002b2fb36f36cbd68b2b582e72d0065436ce00756250</hash>
        <hash alg="SHA3-512">8be296ae854f73d3492d0bcdacb6d90e170e50b5e11e07b0e920764f1ba1543515cfd0e474de2bd16d52b215d40035b75571b02ec309c8e01d4eee9599a842ce</hash>
      </hashes>
      <licenses>
        <expression>(CDDL-1.0 OR GPL-2.0-with-classpath-exception)</expression>
      </licenses>
      <purl>pkg:maven/javax.mail/javax.mail-api@1.6.2?type=jar</purl>
      <externalReferences>
        <reference type="website">
          <url>http://javaee.github.io/javamail/javax.mail-api</url>
        </reference>
        <reference type="distribution">
          <url>https://maven.java.net/service/local/staging/deploy/maven2/</url>
        </reference>
        <reference type="issue-tracker">
          <url>https://github.com/javaee/javamail/issues</url>
        </reference>
        <reference type="vcs">
          <url>https://github.com/javaee/javamail/javax.mail-api</url>
        </reference>
      </externalReferences>
    </component>
    <component type="library" bom-ref="pkg:maven/org.osgi/org.osgi.core@6.0.0?type=jar">
      <publisher>OSGi Alliance</publisher>
      <group>org.osgi</group>
      <name>org.osgi.core</name>
      <version>6.0.0</version>
      <description>OSGi Core Release 6, Interfaces and Classes for use in compiling bundles.</description>
      <scope>required</scope>
      <hashes>
        <hash alg="MD5">cae291c61fe8b7a4476d713550c7ff49</hash>
        <hash alg="SHA-1">0c49acdc9ac62cf69ee49cb6f1905b4fdb79ea5c</hash>
        <hash alg="SHA-256">1c1bb435eb34cbf1f743653da38f604d45d53fbc95979053768cd3fc293cb931</hash>
        <hash alg="SHA-512">a6d5388804982ab2cb0ba82b4291e73f006577c54e5dcb0675a2c4922594ddb0265810a4e7c748c88eba76ee350340376b7a9bd25d2de3afb954cf89117cd470</hash>
        <hash alg="SHA-384">8daff91fc229b2874c1ff7a214fdee65b1824fbac76eb7feec609c5b70ab2fd24fc5cf017b339788a5c7aec041ec1a1c</hash>
        <hash alg="SHA3-384">b921d8bea5dab6e7d827ce49a43e6edb4a15c1402e1d70498faf867bd7e9ea61f47b9cbdbf008ed517b71499c02b9e4c</hash>
        <hash alg="SHA3-256">5836efac64dd3757498bc6648cf02e46f136c6b0b39d5f1641218459d6b68ca0</hash>
        <hash alg="SHA3-512">9056edfc04943cdc81041db1851cade670415457221617babeb3d3c5136c3dcc303862e55b545f40584477e0654d11d84db6ede072015b08744241202d79ee63</hash>
      </hashes>
      <licenses>
        <license>
          <id>Apache-2.0</id>
        </license>
      </licenses>
      <purl>pkg:maven/org.osgi/org.osgi.core@6.0.0?type=jar</purl>
      <externalReferences>
        <reference type="website">
          <url>http://www.osgi.org</url>
        </reference>
        <reference type="vcs">
          <url>private</url>
        </reference>
      </externalReferences>
    </component>
    <component type="library" bom-ref="pkg:maven/org.apache.logging.log4j/log4j-api@2.22.1?type=jar">
      <publisher>The Apache Software Foundation</publisher>
      <group>org.apache.logging.log4j</group>
      <name>log4j-api</name>
      <version>2.22.1</version>
      <description>The Apache Log4j API</description>
      <scope>required</scope>
      <hashes>
        <hash alg="MD5">27db0eb89ae965179480df00d8d1cf03</hash>
        <hash alg="SHA-1">bea6fede6328fabafd7e68363161a7ea6605abd1</hash>
        <hash alg="SHA-256">5d7beae7ff15d8516d6517121d7f12a79a6ac180df64b5fcec55d5be21056e53</hash>
        <hash alg="SHA-512">02040ec0576541d3126244ee68c4d8a0a3e09abb8ad8619fcf57b515d4bf079973775eeb8ef449917bdfeedbc80479b011d3c308173bded963346109e9d415c2</hash>
        <hash alg="SHA-384">0421259676a1c4f25381cdd8653aef914d9f760a110aac072b4f34653b6b70c666bfa8e4bbef4956f7321c3968398672</hash>
        <hash alg="SHA3-384">e470d9a57ca20736740458a06445a2d2303eddf0e90f7115c24e37fdafb67ec5567f616be4be61c345f7564a8c5e0444</hash>
        <hash alg="SHA3-256">fa8a7451168b582a50566ddae67fad7af17500df7bfd24cc2f622e84ef9b3aa1</hash>
        <hash alg="SHA3-512">fb7fd839559875f76614c9e261f0ce6c8d745b6c66661cce93d3b033767ea1f773b1bf07a9800f0b2f4225ac60699c650e25bbc257ac428429efc247f7a650c8</hash>
      </hashes>
      <licenses>
        <license>
          <id>Apache-2.0</id>
          <url>https://www.apache.org/licenses/LICENSE-2.0</url>
        </license>
      </licenses>
      <purl>pkg:maven/org.apache.logging.log4j/log4j-api@2.22.1?type=jar</purl>
      <externalReferences>
        <reference type="website">
          <url>https://logging.apache.org/log4j/2.x/log4j/log4j-api/</url>
        </reference>
        <reference type="build-system">
          <url>https://github.com/apache/logging-log4j2/actions</url>
        </reference>
        <reference type="distribution">
          <url>https://logging.apache.org/logging-parent/latest/#distribution</url>
        </reference>
        <reference type="issue-tracker">
          <url>https://github.com/apache/logging-log4j2/issues</url>
        </reference>
        <reference type="mailing-list">
          <url>https://lists.apache.org/list.html?log4j-user@logging.apache.org</url>
        </reference>
        <reference type="vcs">
          <url>https://github.com/apache/logging-log4j2</url>
        </reference>
        <reference type="vulnerability-assertion">
          <url>https://logging.apache.org/cyclonedx/vdr.xml</url>
        </reference>
      </externalReferences>
    </component>
    <component type="library" bom-ref="pkg:maven/org.apache.commons/commons-compress@1.25.0?type=jar">
      <publisher>The Apache Software Foundation</publisher>
      <group>org.apache.commons</group>
      <name>commons-compress</name>
      <version>1.25.0</version>
      <description>Apache Commons Compress defines an API for working with
compression and archive formats.  These include: bzip2, gzip, pack200,
LZMA, XZ, Snappy, traditional Unix Compress, DEFLATE, DEFLATE64, LZ4,
Brotli, Zstandard and ar, cpio, jar, tar, zip, dump, 7z, arj.</description>
      <scope>optional</scope>
      <hashes>
        <hash alg="MD5">45f94488e95ceeaf2f401c4f5542b35c</hash>
        <hash alg="SHA-1">9d35aec423da6c8a7f93d7e9e1c6b1d9fe14bb5e</hash>
        <hash alg="SHA-256">d0ec8014ebbb0749f471803122b21796afddf2e98e194e4374622e5fbaf69f49</hash>
        <hash alg="SHA-512">262ba7771cef5b3eee9e8790102cbe022bb52f5e4bd7f69e3ab132563472bbd5ae6de653df467bfbd7e9828d5edf9b81a6c43236b3ae65ac757ba745abb4f764</hash>
        <hash alg="SHA-384">73124bf7ce8a827d1bb42c4a7fddf2cbf6a89b84f32a7e0cac4a7bbcc99c5a7267a679c8fb0ae3bfb631e7824250da0c</hash>
        <hash alg="SHA3-384">81f4e544a5000293b27f35c8b6a78ccb9e04eafaeb6252ddd78724ebd43ced9e790eec488db1ba96b5c130898821d6e2</hash>
        <hash alg="SHA3-256">b75cf4407a6973e1e56710f4f2ec25fbe59c1503101bd23d164d78d5a655b506</hash>
        <hash alg="SHA3-512">511656c844b399f004af9591124dbdbaf6f8bb6893a03e55b0f9bcc745fcfb9ab5521e9eff859c2a4b4f2aa2188ae603bc18d38b510bc7c047e7f84238f782ed</hash>
      </hashes>
      <licenses>
        <license>
          <id>Apache-2.0</id>
          <url>https://www.apache.org/licenses/LICENSE-2.0</url>
        </license>
      </licenses>
      <purl>pkg:maven/org.apache.commons/commons-compress@1.25.0?type=jar</purl>
      <externalReferences>
        <reference type="website">
          <url>https://commons.apache.org/proper/commons-compress/</url>
        </reference>
        <reference type="build-system">
          <url>https://github.com/apache/commons-parent/actions</url>
        </reference>
        <reference type="distribution">
          <url>https://repository.apache.org/service/local/staging/deploy/maven2</url>
        </reference>
        <reference type="issue-tracker">
          <url>https://issues.apache.org/jira/browse/COMPRESS</url>
        </reference>
        <reference type="mailing-list">
          <url>https://mail-archives.apache.org/mod_mbox/commons-user/</url>
        </reference>
        <reference type="vcs">
          <url>https://gitbox.apache.org/repos/asf?p=commons-compress.git</url>
        </reference>
      </externalReferences>
    </component>
    <component type="library" bom-ref="pkg:maven/org.apache.commons/commons-csv@1.10.0?type=jar">
      <publisher>The Apache Software Foundation</publisher>
      <group>org.apache.commons</group>
      <name>commons-csv</name>
      <version>1.10.0</version>
      <description>The Apache Commons CSV library provides a simple interface for reading and writing CSV files of various types.</description>
      <scope>optional</scope>
      <hashes>
        <hash alg="MD5">9b3be74e726a151524bf31ec293ff285</hash>
        <hash alg="SHA-1">8669bee353424c3223c93723291b5c3753260c1c</hash>
        <hash alg="SHA-256">2d06e6a07a636baf777ad8e659256f2119109dde23551c9b80c5422d424b808c</hash>
        <hash alg="SHA-512">4434edc3256ce9a004f9860738fe7fc7b96e964f131aa953b598084bfd60e510796164a27c94b4c0b03041d05261c013e0db664ffd2bdd1cf032011722bc7ac0</hash>
        <hash alg="SHA-384">c50578f3e9a7f6bd7e2badef7e0758eba308f77c0eef17a1d2d7d7620f0a7f5bf414f8847b3a401484466a54c8115370</hash>
        <hash alg="SHA3-384">d13077b7b86c9a8ced54228615f86b7785d84634e5cf757792259b4f110aaa6d1980938ba1c1a65377bdf62c24067e96</hash>
        <hash alg="SHA3-256">eea22e71edfed1e0245104b27fe54fc903362ddad35594bdb3012dc01a0adc63</hash>
        <hash alg="SHA3-512">db8b13b74e78808ea7819bee82851836ac47abaea7eceb6cda06a5506aba7277f3e93fbee4d0a19ef7d77870e8f13c2970a8cdd517487d4a68cfbd138839908c</hash>
      </hashes>
      <licenses>
        <license>
          <id>Apache-2.0</id>
          <url>https://www.apache.org/licenses/LICENSE-2.0</url>
        </license>
      </licenses>
      <purl>pkg:maven/org.apache.commons/commons-csv@1.10.0?type=jar</purl>
      <externalReferences>
        <reference type="website">
          <url>https://commons.apache.org/proper/commons-csv/</url>
        </reference>
        <reference type="build-system">
          <url>https://github.com/apache/commons-csv/actions</url>
        </reference>
        <reference type="distribution">
          <url>https://repository.apache.org/service/local/staging/deploy/maven2</url>
        </reference>
        <reference type="issue-tracker">
          <url>https://issues.apache.org/jira/browse/CSV</url>
        </reference>
        <reference type="mailing-list">
          <url>https://mail-archives.apache.org/mod_mbox/commons-user/</url>
        </reference>
        <reference type="vcs">
          <url>https://gitbox.apache.org/repos/asf?p=commons-csv.git</url>
        </reference>
      </externalReferences>
    </component>
    <component type="library" bom-ref="pkg:maven/com.conversantmedia/disruptor@1.2.15?type=jar">
      <publisher>Conversant Engineering</publisher>
      <group>com.conversantmedia</group>
      <name>disruptor</name>
      <version>1.2.15</version>
      <description>Conversant Disruptor - very high throughput Java BlockingQueue</description>
      <scope>optional</scope>
      <hashes>
        <hash alg="MD5">9b66d90caa2794c624e4cc0cd6c0468b</hash>
        <hash alg="SHA-1">21924297eb54dfd8a390c3e08cc9e7a457dff358</hash>
        <hash alg="SHA-256">bd3154a3fb41594b02950ad52bcd9b775a45577bd4d6ef1bee66ea6885c9f39e</hash>
        <hash alg="SHA-512">206e3c7cf2f806c167ab724b1864116ddca4517fe07e9f0178a489b8f2d2aacc41edc3794e5c2ab463e6a0eb6f9596078a074339564c3a4ba287088d296fd66f</hash>
        <hash alg="SHA-384">3e697a80c25ad6ceae364b799da3a49cce9eadb6786ce152c4ddc6bfcfcc56c743848f75334b5f50916a9853a70a8747</hash>
        <hash alg="SHA3-384">4176f4bbf9eb851292879b32f7a1a51fc370118d81cf1faccd332e8a76e8de5ef22e842f99437abc90a157ec02c79448</hash>
        <hash alg="SHA3-256">683b287cf71512c38e88d1de6a0e584bfb4ca2d881766fe3ede184e4911345ed</hash>
        <hash alg="SHA3-512">df1ac3ea6ac7cf5d052d67367c0782aa9f3bbc9598fb12c18928430d90346dc34770846743171d9e33c85f75799747fa35b143611bac465c3983da65862e217a</hash>
      </hashes>
      <licenses>
        <license>
          <id>Apache-2.0</id>
        </license>
      </licenses>
      <purl>pkg:maven/com.conversantmedia/disruptor@1.2.15?type=jar</purl>
      <externalReferences>
        <reference type="website">
          <url>https://github.com/conversant/disruptor</url>
        </reference>
        <reference type="distribution">
          <url>https://oss.sonatype.org/service/local/staging/deploy/maven2/</url>
        </reference>
        <reference type="issue-tracker">
          <url>https://github.com/conversant/disruptor/issues</url>
        </reference>
        <reference type="vcs">
          <url>https://github.com/conversant/disruptor</url>
        </reference>
      </externalReferences>
    </component>
    <component type="library" bom-ref="pkg:maven/com.lmax/disruptor@3.4.4?type=jar">
      <group>com.lmax</group>
      <name>disruptor</name>
      <version>3.4.4</version>
      <description>Disruptor - Concurrent Programming Framework</description>
      <scope>optional</scope>
      <hashes>
        <hash alg="MD5">01412d77b7144f6e58a4eab735751758</hash>
        <hash alg="SHA-1">588321627643b6de45db44c6575e750fea3ae3f5</hash>
        <hash alg="SHA-256">1524ed31f13bcabee1b6146e67be30c6317cb94fcd0c7c2f7c7a1f3e82087c51</hash>
        <hash alg="SHA-512">2d236933bfeee4834908dc76e243ff87f3cf2a9bb77c492f44e3a5b7b3037adb92570aa786e14119fea7eb024e893f1f1956058a6803893449f04b6c930c1da9</hash>
        <hash alg="SHA-384">3ccdb48f6f30c63d7599d342bfd2442f889bb59e0771929b0745ff3a1e0769ca24b82912b750a89d419cd893ebc4c54d</hash>
        <hash alg="SHA3-384">bda978349ca393ab3a06060f8380d1dad366569f088f3b9919d8f39ebb9e70726e33934b9063cb180e6c482ab89194b9</hash>
        <hash alg="SHA3-256">0c8735644e9f5720a89bd63310faedb4712ab4d38a5b36d246f984b8eaa0c6f7</hash>
        <hash alg="SHA3-512">c70d5a525e2b222555e86a87f8d3bae543b23ba33435c669fdc135c5ab80f7015b168bb22e0ec074a69ccc7811c3263d358051a6e56f3570a9232dc873581ddd</hash>
      </hashes>
      <licenses>
        <license>
          <id>Apache-2.0</id>
        </license>
      </licenses>
      <purl>pkg:maven/com.lmax/disruptor@3.4.4?type=jar</purl>
      <externalReferences>
        <reference type="website">
          <url>http://lmax-exchange.github.com/disruptor</url>
        </reference>
        <reference type="vcs">
          <url>scm:git@github.com:LMAX-Exchange/disruptor.git</url>
        </reference>
      </externalReferences>
    </component>
    <component type="library" bom-ref="pkg:maven/com.fasterxml.jackson.core/jackson-core@2.16.0?type=jar">
      <publisher>FasterXML</publisher>
      <group>com.fasterxml.jackson.core</group>
      <name>jackson-core</name>
      <version>2.16.0</version>
      <description>Core Jackson processing abstractions (aka Streaming API), implementation for JSON</description>
      <scope>optional</scope>
      <hashes>
        <hash alg="MD5">e2510fa60b7d363566a9016a8c40710f</hash>
        <hash alg="SHA-1">899e5cf01be55fbf094ad72b2edb0c5df99111ee</hash>
        <hash alg="SHA-256">66e2cde4cc7e565d5fce2a2998b64e991777bf9fad4d220735c525fd8d01c31a</hash>
        <hash alg="SHA-512">89b134b2808c34562f751ff39b938e8c1b67030c4cfb8fd0418d76aed1d6b8f256915a5e88d9935f472322b414a7002e59d92160854cbd01774b28eed61c5315</hash>
        <hash alg="SHA-384">fae7b757f776419e32e2f598f12c92c576c37e0ca489250a4aabf2db118913163aba958a9d5414da47d770810b20594a</hash>
        <hash alg="SHA3-384">c51d4ed62c446f42bb3dbdfaa76fbb26beb1386aff50533049addc6bfc23476195060e80f06cc14e35540d7181f1b314</hash>
        <hash alg="SHA3-256">d1ef5cdf29d629c6291b3d39f7ce9c0f3538d3713c6840430f36e32b333c85a4</hash>
        <hash alg="SHA3-512">6af6b9310b50644e3fa8b3f6b9f8f97151c6745d68440736543fb0d2e2a913f4fa0a189c876ae9899941db980e4ece0e34996ff79a39a10fff71e97144cc1504</hash>
      </hashes>
      <licenses>
        <license>
          <id>Apache-2.0</id>
        </license>
      </licenses>
      <purl>pkg:maven/com.fasterxml.jackson.core/jackson-core@2.16.0?type=jar</purl>
      <externalReferences>
        <reference type="website">
          <url>https://github.com/FasterXML/jackson-core</url>
        </reference>
        <reference type="distribution">
          <url>https://oss.sonatype.org/service/local/staging/deploy/maven2/</url>
        </reference>
        <reference type="issue-tracker">
          <url>https://github.com/FasterXML/jackson-core/issues</url>
        </reference>
        <reference type="vcs">
          <url>https://github.com/FasterXML/jackson-core</url>
        </reference>
      </externalReferences>
    </component>
    <component type="library" bom-ref="pkg:maven/com.fasterxml.jackson.core/jackson-databind@2.16.0?type=jar">
      <publisher>FasterXML</publisher>
      <group>com.fasterxml.jackson.core</group>
      <name>jackson-databind</name>
      <version>2.16.0</version>
      <description>General data-binding functionality for Jackson: works on core streaming API</description>
      <scope>optional</scope>
      <hashes>
        <hash alg="MD5">f9ae3e3bd773be8b474cb1b98dcf7ee6</hash>
        <hash alg="SHA-1">3a6b7f8ff7b30d518bbd65678e9c30cd881f19a7</hash>
        <hash alg="SHA-256">8aaf1753823be70b798290e5826ab5bfe015d35b3a36a5d3c2ec9f57d4b0138b</hash>
        <hash alg="SHA-512">2f0a4211c1723bd88299380093a935840290694838a4c5ae0989bad46a615e02017b707ba7f3b825d0f0163f42a392efd0a1629024594992b5a4edee415c207a</hash>
        <hash alg="SHA-384">8113432d108a152cd08ff4b12e4ea649d3240db070d3194a64712459436c1ea0c4b5362ec86ed076dc92c013215b043c</hash>
        <hash alg="SHA3-384">5f708bb3920dc2da40fab38218404760bb3c5aeabe361212bbfb0a0586d009e2d8724db7602694834d13f814c2683472</hash>
        <hash alg="SHA3-256">20e10ade4d4842297ccd29f20db6f9e8f1caf845fe99460a238bc6681a384da1</hash>
        <hash alg="SHA3-512">e898514f8eb2e5c8ace07ff7c587408434eb4c330ea0067a01655be9d199e7fce59a8519869fd118cbcf86c019faccef6a6a2dfd3d79a454554ec0e1dafa739b</hash>
      </hashes>
      <licenses>
        <license>
          <id>Apache-2.0</id>
        </license>
      </licenses>
      <purl>pkg:maven/com.fasterxml.jackson.core/jackson-databind@2.16.0?type=jar</purl>
      <externalReferences>
        <reference type="website">
          <url>https://github.com/FasterXML/jackson</url>
        </reference>
        <reference type="distribution">
          <url>https://oss.sonatype.org/service/local/staging/deploy/maven2/</url>
        </reference>
        <reference type="issue-tracker">
          <url>https://github.com/FasterXML/jackson-databind/issues</url>
        </reference>
        <reference type="vcs">
          <url>https://github.com/FasterXML/jackson-databind</url>
        </reference>
      </externalReferences>
    </component>
    <component type="library" bom-ref="pkg:maven/com.fasterxml.jackson.core/jackson-annotations@2.16.0?type=jar">
      <publisher>FasterXML</publisher>
      <group>com.fasterxml.jackson.core</group>
      <name>jackson-annotations</name>
      <version>2.16.0</version>
      <description>Core annotations used for value types, used by Jackson data binding package.</description>
      <scope>optional</scope>
      <hashes>
        <hash alg="MD5">9caec6e7cdd5cc18e18f99359b9e8d95</hash>
        <hash alg="SHA-1">dc30995f7428c0a405eba9b8c619b20d2b3b9905</hash>
        <hash alg="SHA-256">c4b90ea0c0074da17efdc3aa23973525f25d6f34725692169748f529547334a6</hash>
        <hash alg="SHA-512">2c7d70c88b7e8dd710863f8c920d3e2fe56f8ecc01c757011bd9bbd195228028402566fbf4feaa083192453348a86a70732bf5d3f6eebb75ab4e5b3a525f6148</hash>
        <hash alg="SHA-384">99413ce47a9980b0954051f651068565e75b6300c0b801179c87f347053e9c9f31c60c698a7e1ee9d1ff664facbb6c8e</hash>
        <hash alg="SHA3-384">074ae852029679152418a8038e4743f0a08ac8629c829655528e55df9a9b485ab156760beb3d56e312e49dc9935979a2</hash>
        <hash alg="SHA3-256">b06c76f9180c0c520d1a1f207f8dda1a5428282c2c8aa6483d762473aa09e8d4</hash>
        <hash alg="SHA3-512">d3501082dc25d1fe1b044ca8361d74945f5a7a6dffc54261c0465b858efccc510e364d7a23dc32335648196cd4aa8d512f7dc9a79142cd19aa477270ed4daf5a</hash>
      </hashes>
      <licenses>
        <license>
          <id>Apache-2.0</id>
        </license>
      </licenses>
      <purl>pkg:maven/com.fasterxml.jackson.core/jackson-annotations@2.16.0?type=jar</purl>
      <externalReferences>
        <reference type="website">
          <url>https://github.com/FasterXML/jackson</url>
        </reference>
        <reference type="distribution">
          <url>https://oss.sonatype.org/service/local/staging/deploy/maven2/</url>
        </reference>
        <reference type="issue-tracker">
          <url>https://github.com/FasterXML/jackson-annotations/issues</url>
        </reference>
        <reference type="vcs">
          <url>https://github.com/FasterXML/jackson-annotations</url>
        </reference>
      </externalReferences>
    </component>
    <component type="library" bom-ref="pkg:maven/com.fasterxml.jackson.dataformat/jackson-dataformat-xml@2.16.0?type=jar">
      <publisher>FasterXML</publisher>
      <group>com.fasterxml.jackson.dataformat</group>
      <name>jackson-dataformat-xml</name>
      <version>2.16.0</version>
      <description>Data format extension for Jackson to offer
alternative support for serializing POJOs as XML and deserializing XML as pojos.</description>
      <scope>optional</scope>
      <hashes>
        <hash alg="MD5">555b7489635fb9b7d7fb17abcef4b9f2</hash>
        <hash alg="SHA-1">f3cdb002e0f2f30ad9c5fd053d78b1a485511ab1</hash>
        <hash alg="SHA-256">e490c949ba82f9576275bd225e9dacf1216bca13838776f47e7c22900b1d64b6</hash>
        <hash alg="SHA-512">69496cb707e5deb012c5902f515c54c94cabe527f4e4091063643bc5da88e7a809e95659c1c2b638d802269dee7a422076ec5416e12523e95b949b3e19047454</hash>
        <hash alg="SHA-384">e1be1241ec66fa9228ae0a18991598b95566c6f9c5df3e4d364f45ee1ec41e3b107700f86477b79f100a65709b1444fc</hash>
        <hash alg="SHA3-384">d18cd53e9cb20ed65e6e95220acba8824182bf9530f6b5ae4ee741b58504c625e96ded3515bda0de40e2755b9f3bd9d3</hash>
        <hash alg="SHA3-256">1097b3fe91060d8e0bfffb3a0ca1c7d0ca074369c9884c8cf6949115db73bc57</hash>
        <hash alg="SHA3-512">01fddbef92b804bc6f05f5e230eda9963dea3167a713150cfef67cff7adb327e5b09c4d5467f344da7a4879411318d0ebed5c832097d213bc798656eb716aefa</hash>
      </hashes>
      <licenses>
        <license>
          <id>Apache-2.0</id>
        </license>
      </licenses>
      <purl>pkg:maven/com.fasterxml.jackson.dataformat/jackson-dataformat-xml@2.16.0?type=jar</purl>
      <externalReferences>
        <reference type="website">
          <url>https://github.com/FasterXML/jackson-dataformat-xml</url>
        </reference>
        <reference type="distribution">
          <url>https://oss.sonatype.org/service/local/staging/deploy/maven2/</url>
        </reference>
        <reference type="issue-tracker">
          <url>https://github.com/FasterXML/jackson-dataformat-xml/issues</url>
        </reference>
        <reference type="vcs">
          <url>http://github.com/FasterXML/jackson-dataformat-xml</url>
        </reference>
      </externalReferences>
    </component>
    <component type="library" bom-ref="pkg:maven/org.codehaus.woodstox/stax2-api@4.2.1?type=jar">
      <publisher>fasterxml.com</publisher>
      <group>org.codehaus.woodstox</group>
      <name>stax2-api</name>
      <version>4.2.1</version>
      <description>tax2 API is an extension to basic Stax 1.0 API that adds significant new functionality, such as full-featured bi-direction validation interface and high-performance Typed Access API.</description>
      <scope>optional</scope>
      <hashes>
        <hash alg="MD5">af8377bc7882332e22456616a9f164f6</hash>
        <hash alg="SHA-1">a3f7325c52240418c2ba257b103c3c550e140c83</hash>
        <hash alg="SHA-256">678567e48b51a42c65c699f266539ad3d676d4b1a5b0ad7d89ece8b9d5772579</hash>
        <hash alg="SHA-512">00efc5d4d17540fb180c5b20d456630a8b3262dff46676689ae916ba16f0fbd9b1a71c7badfb254faad6597f94fed1edb96f77c15f40178eaf4d8cd35cea5e8d</hash>
        <hash alg="SHA-384">97a6a9f0cc666776e4a4f08729c303d2a602ce5c25ee633cd6c54c72f12d11e9d43634ca6ca4ef7da5973a52030384da</hash>
        <hash alg="SHA3-384">683a1f110ab84333e7517dabe175b91d7ea2fbead2f9d02acf798c588a7508bc67580642afa8d57441bc56ce610d5b0f</hash>
        <hash alg="SHA3-256">5e8e54209fb6b580e928e703ef11645aff1a21dfd47cca2dc0e53d0befaef09c</hash>
        <hash alg="SHA3-512">d79338a481605c94e144c967cb7adbc6cfd06ee6a1182b5ebc8cd8ad3deedd707931e404aa197bc94d3b5a5d82a2e6dd6a2f6cc9dafc42ce3ad5061076b05199</hash>
      </hashes>
      <licenses>
        <license>
          <id>BSD-4-Clause</id>
        </license>
      </licenses>
      <purl>pkg:maven/org.codehaus.woodstox/stax2-api@4.2.1?type=jar</purl>
      <externalReferences>
        <reference type="website">
          <url>http://github.com/FasterXML/stax2-api</url>
        </reference>
        <reference type="distribution">
          <url>https://oss.sonatype.org/service/local/staging/deploy/maven2/</url>
        </reference>
        <reference type="issue-tracker">
          <url>https://github.com/FasterXML/stax2-api/issues</url>
        </reference>
        <reference type="vcs">
          <url>http://github.com/FasterXML/stax2-api</url>
        </reference>
      </externalReferences>
    </component>
    <component type="library" bom-ref="pkg:maven/com.fasterxml.jackson.dataformat/jackson-dataformat-yaml@2.16.0?type=jar">
      <publisher>FasterXML</publisher>
      <group>com.fasterxml.jackson.dataformat</group>
      <name>jackson-dataformat-yaml</name>
      <version>2.16.0</version>
      <description>Support for reading and writing YAML-encoded data via Jackson abstractions.</description>
      <scope>optional</scope>
      <hashes>
        <hash alg="MD5">15cf5950a6ed8a2ec9f9482d4a88d4a5</hash>
        <hash alg="SHA-1">2033e2c5f531785d17f3a2bc31842e3bbb7983b2</hash>
        <hash alg="SHA-256">7d0a50227f4cbd298be7971815534600bd626f9887659b8d91c286c62f17bd0b</hash>
        <hash alg="SHA-512">8d9a77d1e5ed39d565cc2edfb604a81ccb7e387c3363db463173984b71f27b532b0ac5a0e70fccc00becc4b55401e4fb678be44d2bafeae7f14f04767ab7a1e9</hash>
        <hash alg="SHA-384">fe058f68fc28f7cc495e14bb8482e61e27a4bbb51ad712d2297c058e272baf6fd2541b44b91e06554378efe7e56799f8</hash>
        <hash alg="SHA3-384">b3be09232d5f20e65d86cdf0ca2b6cd7579ad658aaf08157f8b322bb7b4576031172197621fb15052328ffcd8c8352d6</hash>
        <hash alg="SHA3-256">29599fb63ec896b645cde3edd7950036fd6d2c9c978fb4826fb0637d128531b4</hash>
        <hash alg="SHA3-512">1d3054984ac75f85c16725414eaec261727dc608f3c00df7ef21a7376a44090efe7c87d6749f2fd003f2993cf2b31dbb25bddcdfd9c767d7c8ea60e31b32f461</hash>
      </hashes>
      <licenses>
        <license>
          <id>Apache-2.0</id>
        </license>
      </licenses>
      <purl>pkg:maven/com.fasterxml.jackson.dataformat/jackson-dataformat-yaml@2.16.0?type=jar</purl>
      <externalReferences>
        <reference type="website">
          <url>https://github.com/FasterXML/jackson-dataformats-text</url>
        </reference>
        <reference type="distribution">
          <url>https://oss.sonatype.org/service/local/staging/deploy/maven2/</url>
        </reference>
        <reference type="issue-tracker">
          <url>https://github.com/FasterXML/jackson-dataformats-text/issues</url>
        </reference>
        <reference type="vcs">
          <url>https://github.com/FasterXML/jackson-dataformats-text/jackson-dataformat-yaml</url>
        </reference>
      </externalReferences>
    </component>
    <component type="library" bom-ref="pkg:maven/org.yaml/snakeyaml@2.2?type=jar">
      <group>org.yaml</group>
      <name>snakeyaml</name>
      <version>2.2</version>
      <description>YAML 1.1 parser and emitter for Java</description>
      <scope>optional</scope>
      <hashes>
        <hash alg="MD5">d78aacf5f2de5b52f1a327470efd1ad7</hash>
        <hash alg="SHA-1">3af797a25458550a16bf89acc8e4ab2b7f2bfce0</hash>
        <hash alg="SHA-256">1467931448a0817696ae2805b7b8b20bfb082652bf9c4efaed528930dc49389b</hash>
        <hash alg="SHA-512">11547e75cc80bee26f532e2598bc6e4ffa802941496dc0d8ce017f1b15e01ebbb80e91ed17d1047916e32bf2fc58da532bc71a1dfe93afccc277a296d86634ba</hash>
        <hash alg="SHA-384">dae0cb1a7ab9ccc75413f46f18ae160e12e91dfef0c17a07ea547a365e9fb422c071aa01579f2a320f15ce6ee4c29038</hash>
        <hash alg="SHA3-384">654b418f330fa02f1111a20c27395ec5c7f463907ae44f60057c94da04f81e815cf1c3959f005026381ef79030049694</hash>
        <hash alg="SHA3-256">2c4deb8d79876b80b210ef72dc5de2b19607e50fbe3abf09a4324576ca0881fc</hash>
        <hash alg="SHA3-512">0d9be5610b2bcb6bb7562ee8bcc0d68f81d3771958ce9299c5e57e8ec952c96906d711587b7f72936328c72fb41687b4f908c4de3070b78cc1f3e257cf4b715e</hash>
      </hashes>
      <licenses>
        <license>
          <id>Apache-2.0</id>
        </license>
      </licenses>
      <purl>pkg:maven/org.yaml/snakeyaml@2.2?type=jar</purl>
      <externalReferences>
        <reference type="website">
          <url>https://bitbucket.org/snakeyaml/snakeyaml</url>
        </reference>
        <reference type="distribution">
          <url>https://oss.sonatype.org/service/local/staging/deploy/maven2/</url>
        </reference>
        <reference type="issue-tracker">
          <url>https://bitbucket.org/snakeyaml/snakeyaml/issues</url>
        </reference>
        <reference type="vcs">
          <url>https://bitbucket.org/snakeyaml/snakeyaml/src</url>
        </reference>
      </externalReferences>
    </component>
    <component type="library" bom-ref="pkg:maven/org.fusesource.jansi/jansi@2.4.1?type=jar">
      <publisher>FuseSource, Corp.</publisher>
      <group>org.fusesource.jansi</group>
      <name>jansi</name>
      <version>2.4.1</version>
      <description>Jansi is a java library for generating and interpreting ANSI escape sequences.</description>
      <scope>optional</scope>
      <hashes>
        <hash alg="MD5">10c1033cc584325f020e2f9d231c0764</hash>
        <hash alg="SHA-1">d5774f204d990c9f5da2809b88f928515577beb4</hash>
        <hash alg="SHA-256">2e5e775a9dc58ffa6bbd6aa6f099d62f8b62dcdeb4c3c3bbbe5cf2301bc2dcc1</hash>
        <hash alg="SHA-512">2ab88a9e9eb01b72ce65c06694549fe1d46e0a78c802c6bd72ed362c42f4428a85240df8d604ac7735869029693eedb299bfb2427e6f91eca14ced944a8fab60</hash>
        <hash alg="SHA-384">a77e8fefe7ad6e9cbd814e2649f5a6c9c2747784bdc5dacca89c87523e5a5886a3b9ce50415d3dc8577283392bb43756</hash>
        <hash alg="SHA3-384">625355aabd387d90dd476f4c085f775e809b714619b77595a503ba45208640205be52d64ce83de73d15f934645fa7b3f</hash>
        <hash alg="SHA3-256">97bfa2f0bac36697b9a26c2db12e79f6c8ad42a3add20e63c313243024fbce8f</hash>
        <hash alg="SHA3-512">8e87190b76c48fed8c3b993def6cc7bcc1a89d031d7571fc3a54ada6d8ba7850e1af9cef56f43ab36ebfdbeeeaf0c241550de07414c81449f6125062f105edd9</hash>
      </hashes>
      <licenses>
        <license>
          <id>Apache-2.0</id>
        </license>
      </licenses>
      <purl>pkg:maven/org.fusesource.jansi/jansi@2.4.1?type=jar</purl>
      <externalReferences>
        <reference type="website">
          <url>http://fusesource.github.io/jansi</url>
        </reference>
        <reference type="distribution">
          <url>https://oss.sonatype.org/service/local/staging/deploy/maven2</url>
        </reference>
        <reference type="issue-tracker">
          <url>https://github.com/fusesource/jansi/issues</url>
        </reference>
        <reference type="mailing-list">
          <url>http://groups.google.com/group/jansi</url>
        </reference>
        <reference type="vcs">
          <url>https://github.com/fusesource/jansi</url>
        </reference>
      </externalReferences>
    </component>
    <component type="library" bom-ref="pkg:maven/org.jctools/jctools-core@4.0.2?type=jar">
      <group>org.jctools</group>
      <name>jctools-core</name>
      <version>4.0.2</version>
      <description>Java Concurrency Tools Core Library</description>
      <scope>optional</scope>
      <hashes>
        <hash alg="MD5">84ec7efed8d8ecd65723d902f5f5ba6b</hash>
        <hash alg="SHA-1">e8c05d02ac3af90186ba74463be581dac0c110e6</hash>
        <hash alg="SHA-256">09911c031bb76948e4ea49f0575d0710e9826c6f4e08021eba392c99ab2d8565</hash>
        <hash alg="SHA-512">076bad9312d183274c8e71dc703b0327be53ad4362404cc69e60d336ad9e657048ec162af94fa3768880788b7ecae063cb48bf9b318221116341b9f5927fc114</hash>
        <hash alg="SHA-384">86e70df23350213d735411e644ba867d197a02c2dcca38714cdeb2ce55e2a0d432eb791b7a1d7903b31099bb031a8824</hash>
        <hash alg="SHA3-384">e89f1f1f5b41abbdc53c100597f5ce981814773470ec7b5511855562e82ea3e57356d68334cd02e69149e7bfc2207da5</hash>
        <hash alg="SHA3-256">8f8be8afd7b6168b67848fadc889d84b7024fe5bbf963464241e0224003052c1</hash>
        <hash alg="SHA3-512">13514efb40a21d9b9ae14b883d374a2da5956e7e41a4198cd18c5f522e458bbe8be8b00f4a268a35fe02764cf5455aff0bd84b021baae68e94b1dd2c5ad5b9c1</hash>
      </hashes>
      <licenses>
        <license>
          <id>Apache-2.0</id>
        </license>
      </licenses>
      <purl>pkg:maven/org.jctools/jctools-core@4.0.2?type=jar</purl>
      <externalReferences>
        <reference type="website">
          <url>https://github.com/JCTools</url>
        </reference>
        <reference type="distribution">
          <url>https://oss.sonatype.org/service/local/staging/deploy/maven2/</url>
        </reference>
        <reference type="vcs">
          <url>https://github.com/JCTools/JCTools</url>
        </reference>
      </externalReferences>
    </component>
    <component type="library" bom-ref="pkg:maven/org.zeromq/jeromq@0.5.4?type=jar">
      <group>org.zeromq</group>
      <name>jeromq</name>
      <version>0.5.4</version>
      <description>Pure Java implementation of libzmq</description>
      <scope>optional</scope>
      <hashes>
        <hash alg="MD5">74669c356feda3335f1b5011efcf5dc0</hash>
        <hash alg="SHA-1">9ef9f8e3a175106f06f2d180ce15c94a44f24d4d</hash>
        <hash alg="SHA-256">59eea0fc6c1bbce8a3c01902570f3d33327f71b44555b6c1bd447cd4115ad900</hash>
        <hash alg="SHA-512">d09550944e1b64d0a43e9d7903463fd08e9a00dcdd73211f79bfa597c432fb88822bf4233245cbbd667d044e348b00523c18821fb999c694dd072638b3dbca28</hash>
        <hash alg="SHA-384">bd7307cb3dfde70302c7f7d3d65bfcf191f6e31ae3d912945393e86087e2af77106f42567b33a09ac2badc959cd3f624</hash>
        <hash alg="SHA3-384">0d0bfedd29746ccf6a8461d7ce2055e3ff3ee3cd27388f5e453c7142b231ea880ace5e93b01e7843aa8ba04a0e4ed01c</hash>
        <hash alg="SHA3-256">198070f680808596b6ba8a167cfc75cd79d9ffe71da66e7e6dc69ed7c08d0953</hash>
        <hash alg="SHA3-512">52a5d8c7e72b76cd70e8929451a134ab89d064e155d411e7891fc900c947ee44bfc919d812733356998b940a35c890ce0ef73f759a07f88ca287fd2e119c686a</hash>
      </hashes>
      <licenses>
        <license>
          <name>Mozilla Public License version 2.0</name>
          <url>https://www.mozilla.org/en-US/MPL/2.0</url>
        </license>
      </licenses>
      <purl>pkg:maven/org.zeromq/jeromq@0.5.4?type=jar</purl>
      <externalReferences>
        <reference type="website">
          <url>https://github.com/zeromq/jeromq</url>
        </reference>
        <reference type="distribution">
          <url>https://oss.sonatype.org/service/local/staging/deploy/maven2/</url>
        </reference>
      </externalReferences>
    </component>
    <component type="library" bom-ref="pkg:maven/eu.neilalexander/jnacl@1.0.0?type=jar">
      <group>eu.neilalexander</group>
      <name>jnacl</name>
      <version>1.0.0</version>
      <description>Pure Java implementation of NaCl: Networking and Cryptography library.</description>
      <scope>optional</scope>
      <hashes>
        <hash alg="MD5">e0540b03dff87e495d7ee06c4102363a</hash>
        <hash alg="SHA-1">82e9034fb81a33cb9d7e0c4cd241a2ba84802ae2</hash>
        <hash alg="SHA-256">4accc9d2a56a6dd5198ec5e1c5c05a091da563bccd346fd6578edc083152beaa</hash>
        <hash alg="SHA-512">addba1eae1975a71a204557dafb111c5c2aab39d9a7bb6428a26107935d95290139381c0a283b77e67b44e1d8110d3fa3919d7e7fc73e0023771beece4eab994</hash>
        <hash alg="SHA-384">6740ac7db681794dd964a9669aef2afdb264e0d33f14b89c1a78ec8b6b1337e622de3093a2af561223335ebce7600ca3</hash>
        <hash alg="SHA3-384">af9d223a596507ba67f16308c5738d50897ea3fd7f1ddbd0ed6c3dfe7099e1c2288aae90b63c73ba6719c36fec946e88</hash>
        <hash alg="SHA3-256">a8ceb9991531f2a5ea0104a36bd70581beca8a328330f9151896298ad4d95423</hash>
        <hash alg="SHA3-512">cae2c60da18d3f7b54de742eaf0d6e2794787e1ddaffe265fa2654497113ccf1188e74aac3075f4ee0ac36fbef750b1a26380d3b5ce1b3c5e42f8c472768aec1</hash>
      </hashes>
      <licenses>
        <license>
          <id>BSD-2-Clause</id>
        </license>
      </licenses>
      <purl>pkg:maven/eu.neilalexander/jnacl@1.0.0?type=jar</purl>
      <externalReferences>
        <reference type="website">
          <url>https://github.com/neilalexander/jnacl</url>
        </reference>
        <reference type="distribution">
          <url>https://oss.sonatype.org/service/local/staging/deploy/maven2/</url>
        </reference>
      </externalReferences>
    </component>
    <component type="library" bom-ref="pkg:maven/org.apache.kafka/kafka-clients@3.6.1?type=jar">
      <group>org.apache.kafka</group>
      <name>kafka-clients</name>
      <version>3.6.1</version>
      <scope>optional</scope>
      <hashes>
        <hash alg="MD5">78143b0ab89c3320acc0eb9e2057e665</hash>
        <hash alg="SHA-1">f286782832fee4fca84c2f4158b9258f22fa0b85</hash>
        <hash alg="SHA-256">62668fd9840f6d84fbf345bdbf245b1c160f51ccb42fc89211ecac789640b197</hash>
        <hash alg="SHA-512">d92ad00a77c82c82de5821d3c68a33db16818460da745906f2e7767f56e96e6d337a80aaabc8a3946fad865169147d6844de8f45fecf10b3df0b75136cf466fe</hash>
        <hash alg="SHA-384">cd8cd5d5ef7cd3b72ec3585e0d903e481b5e32a1fa0e7bf3748d41da1675d0b021a4e953103497f43ff625afd1b653b5</hash>
        <hash alg="SHA3-384">c4e71e22c71663d8c974f24bfa6e45b2c9bcc5664b23b0239539f718a9b1faf57580cd9585165adff5a88a74185af293</hash>
        <hash alg="SHA3-256">19b8bdb1c3c04bbf30645d3e0bee739649e4c96ed64d8a5709082bd0eebece4e</hash>
        <hash alg="SHA3-512">739cc4eef3e219d676a4070c3bd42b84d7bfe4737bc4e2fe84c4470561dfe2f3f8d06b952c7db84f7e8dbea3661b8e85a74c2099dd2f0a82d9e80b3f6101dbe1</hash>
      </hashes>
      <licenses>
        <license>
          <id>Apache-2.0</id>
        </license>
      </licenses>
      <purl>pkg:maven/org.apache.kafka/kafka-clients@3.6.1?type=jar</purl>
      <externalReferences>
        <reference type="website">
          <url>https://kafka.apache.org</url>
        </reference>
      </externalReferences>
    </component>
    <component type="library" bom-ref="pkg:maven/com.github.luben/zstd-jni@1.5.5-11?type=jar">
      <publisher>com.github.luben</publisher>
      <group>com.github.luben</group>
      <name>zstd-jni</name>
      <version>1.5.5-11</version>
      <description>JNI bindings for Zstd native library that provides fast and high compression lossless algorithm for Java and all JVM languages.</description>
      <scope>optional</scope>
      <hashes>
        <hash alg="MD5">00977099d76d2c01a7b19263375ee42e</hash>
        <hash alg="SHA-1">ca6ab366315e179dd80645aad4a60bab959c6523</hash>
        <hash alg="SHA-256">d75b2ced6059f81ad23e021c554259b906b6c4f2991cb772409827569ead4c1a</hash>
        <hash alg="SHA-512">d9bb13345d3a41a9ddbd0d4fbd9a4ab936f8ff98acbcb37394cd0e75aa5e550888d51b93c76fea8629e2f2cf39de4b0fe94abf853b46db426e40674cde8d69d5</hash>
        <hash alg="SHA-384">c128f7dd3f6ec2f5a5566769bd60f6d3ed36583575bb2efdb9e53aee028b629d009ce4008efda5c38da778195ff42429</hash>
        <hash alg="SHA3-384">60e17c55ff7cbe9ec7411bd06ba10470396666dc78ed93943e1412512cb420413182c9071010b5e849d74415fe10ebf0</hash>
        <hash alg="SHA3-256">bba50765cfc050bd98cc6eac6d180751e920067a58c6a41050870e937ecce2d5</hash>
        <hash alg="SHA3-512">a892530c4e30fff48cfb3d94bc59128ac853d172e8012f66184780cbafad5d5381ca239e0f68f712d3b1e399c5155287f0f8b077eb7cb48bdd1548ba7c89a734</hash>
      </hashes>
      <licenses>
        <license>
          <id>BSD-2-Clause</id>
        </license>
      </licenses>
      <purl>pkg:maven/com.github.luben/zstd-jni@1.5.5-11?type=jar</purl>
      <externalReferences>
        <reference type="website">
          <url>https://github.com/luben/zstd-jni</url>
        </reference>
      </externalReferences>
    </component>
    <component type="library" bom-ref="pkg:maven/org.lz4/lz4-java@1.8.0?type=jar">
      <group>org.lz4</group>
      <name>lz4-java</name>
      <version>1.8.0</version>
      <description>Java ports and bindings of the LZ4 compression algorithm and the xxHash hashing algorithm</description>
      <scope>optional</scope>
      <hashes>
        <hash alg="MD5">936a927700aa8fc3b75d21d7571171f6</hash>
        <hash alg="SHA-1">4b986a99445e49ea5fbf5d149c4b63f6ed6c6780</hash>
        <hash alg="SHA-256">d74a3334fb35195009b338a951f918203d6bbca3d1d359033dc33edd1cadc9ef</hash>
        <hash alg="SHA-512">98d59086a6021ca571d9c1d64b715e43044c730e1ac563f514c40cf44302615d30378b6d5cc69990446522de6260dc8e7b303e3990a3139dc326d058dfb6dbd9</hash>
        <hash alg="SHA-384">8e3f2acdbb41a00c4d9cc5f328e63fb626ac7c6c84e1bf9502e2fcc76a591b2b819b2d27b29925ff986b95c297b30e2c</hash>
        <hash alg="SHA3-384">ec0d6a00760d0a4ecba13a41785d6ae57a64552b1687eaa3e292b3054bb1348e49ab8a938197ff126f9218c6cb96ee1c</hash>
        <hash alg="SHA3-256">7be684c102891105f66d378b61ea1297a392c1618b5aebf7e0b281f55217c206</hash>
        <hash alg="SHA3-512">0b2294570ea2bfbb50ced21dfa4bad956467ca447e9ab2dd602a3478371bcd0e9f13d2dff74d06827a28882409612cdde00bd91267be05bd3510c68268bf3166</hash>
      </hashes>
      <licenses>
        <license>
          <id>Apache-2.0</id>
        </license>
      </licenses>
      <purl>pkg:maven/org.lz4/lz4-java@1.8.0?type=jar</purl>
      <externalReferences>
        <reference type="website">
          <url>https://github.com/lz4/lz4-java</url>
        </reference>
        <reference type="vcs">
          <url>git://github.com/lz4/lz4-java.git</url>
        </reference>
      </externalReferences>
    </component>
    <component type="library" bom-ref="pkg:maven/org.xerial.snappy/snappy-java@1.1.10.5?type=jar">
      <publisher>xerial.org</publisher>
      <group>org.xerial.snappy</group>
      <name>snappy-java</name>
      <version>1.1.10.5</version>
      <description>snappy-java: A fast compression/decompression library</description>
      <scope>optional</scope>
      <hashes>
        <hash alg="MD5">a52ffcdbbe525b486237a7098e5c5ff7</hash>
        <hash alg="SHA-1">ac605269f3598506196e469f1fb0d7ed5c55059e</hash>
        <hash alg="SHA-256">0f3f1857ed33116583f480b4df5c0218836c47bfbc9c6221c0d73f356decf37b</hash>
        <hash alg="SHA-512">36c288aa84017b52362a49a20d1702151a16b9f58518b6877f11122941a549d94fab8d515f7f1ad6384fb94be569328abf862edaf970c10a16832498dfda853b</hash>
        <hash alg="SHA-384">693a542ca2471dec4da5fe582563aff1bf5238e1a8d1a1f79cd8138334f94f1112094fbd270b1637d983c9290084a6e1</hash>
        <hash alg="SHA3-384">41cbbb20b4bc0bd9a80521904568335fb131602a6931783f5bf6a1c8287b8ccd92c8169b8bb2399d27208fc067ef2321</hash>
        <hash alg="SHA3-256">38dc41c5a0d827c58e1409a63e902d0568a03d67cdb99708ccc63921000ddc55</hash>
        <hash alg="SHA3-512">b07d178cc94f6385d5f09d7730d2dd161c6f7d6815ae779e742421c0c1fb92043c8ec8ce5ee67660760f5287bd959eba1028924257a6ff36fb5439d8f81bd049</hash>
      </hashes>
      <licenses>
        <license>
          <id>Apache-2.0</id>
          <url>https://www.apache.org/licenses/LICENSE-2.0</url>
        </license>
      </licenses>
      <purl>pkg:maven/org.xerial.snappy/snappy-java@1.1.10.5?type=jar</purl>
      <externalReferences>
        <reference type="website">
          <url>https://github.com/xerial/snappy-java</url>
        </reference>
        <reference type="vcs">
          <url>https://github.com/xerial/snappy-java</url>
        </reference>
      </externalReferences>
    </component>
    <component type="library" bom-ref="pkg:maven/com.sun.mail/javax.mail@1.6.2?type=jar">
      <publisher>Oracle</publisher>
      <group>com.sun.mail</group>
      <name>javax.mail</name>
      <version>1.6.2</version>
      <description>JavaMail API</description>
      <scope>optional</scope>
      <hashes>
        <hash alg="MD5">0b81d022797740d72d21620781841374</hash>
        <hash alg="SHA-1">935151eb71beff17a2ffac15dd80184a99a0514f</hash>
        <hash alg="SHA-256">45b515e7104944c09e45b9c7bb1ce5dff640486374852dd2b2e80cc3752dfa11</hash>
        <hash alg="SHA-512">d76243093d93c556ae399ce9b65ea35bc5a7e12703110108cf8eaa314d8f9b094034dd530438189775f61f0994727cac6f68efb8eab2f13349922b08eb00d4ec</hash>
        <hash alg="SHA-384">44300db745c6a065b5ca907e04d06bc42e42d4bf59470b24d2c40f889cf8fc79f0793997321874b2c25bc269900f9c51</hash>
        <hash alg="SHA3-384">4884616293856fe9d2ed2c6bb838f32d645ccab65a05b949351e6d93d6ed9ea408c8666ef17e19bd033c25545bafb490</hash>
        <hash alg="SHA3-256">905d9b5869f8ee5ad4b1027293beb5af5051aa2b929f52500611beedd2d5c992</hash>
        <hash alg="SHA3-512">bec15cc6423179fb27e01c149e9c761a5cc98844e47f2182101d69f84736a85390da487eef7cc2dca94992c14d6ba7fe3d5833d2ad554731bec439ef11d547d8</hash>
      </hashes>
      <licenses>
        <expression>(CDDL-1.0 OR GPL-2.0-with-classpath-exception)</expression>
      </licenses>
      <purl>pkg:maven/com.sun.mail/javax.mail@1.6.2?type=jar</purl>
      <externalReferences>
        <reference type="website">
          <url>http://javaee.github.io/javamail/javax.mail</url>
        </reference>
        <reference type="distribution">
          <url>https://maven.java.net/service/local/staging/deploy/maven2/</url>
        </reference>
        <reference type="issue-tracker">
          <url>https://github.com/javaee/javamail/issues</url>
        </reference>
        <reference type="vcs">
          <url>https://github.com/javaee/javamail/javax.mail</url>
        </reference>
      </externalReferences>
    </component>
    <component type="library" bom-ref="pkg:maven/javax.activation/activation@1.1?type=jar">
      <group>javax.activation</group>
      <name>activation</name>
      <version>1.1</version>
      <description>JavaBeans Activation Framework (JAF) is a standard extension to the Java platform that lets you take advantage of standard services to: determine the type of an arbitrary piece of data; encapsulate access to it; discover the operations available on it; and instantiate the appropriate bean to perform the operation(s).</description>
      <scope>optional</scope>
      <hashes>
        <hash alg="MD5">8ae38e87cd4f86059c0294a8fe3e0b18</hash>
        <hash alg="SHA-1">e6cb541461c2834bdea3eb920f1884d1eb508b50</hash>
        <hash alg="SHA-256">2881c79c9d6ef01c58e62beea13e9d1ac8b8baa16f2fc198ad6e6776defdcdd3</hash>
        <hash alg="SHA-512">c0ff5bf3ace7acc1b31fcc109cee48d9eb8f025ae15a31dc91eca760933bdb97c93f05d61e95af1e317859d72e5f179f897f5bf3df0e3810f4212d43bacee4bd</hash>
        <hash alg="SHA-384">c4ee54d80a2e67e819700051d6cfa01a17631c89f942b8690afb601e491f02d7497fe57bd5c70edfb9b444ae8222b846</hash>
        <hash alg="SHA3-384">de0777d2d1d7aad105defb12aed17ef38abfe89db2449c5243fa3c69304ea24dd8df0881330351d0733313e8f7252814</hash>
        <hash alg="SHA3-256">5fb94d2742cc3d44abad42c5d61b9c7464a2ef33bc58b4b5b121d49799123460</hash>
        <hash alg="SHA3-512">c5e37fe3d9c420a9035f1160eb1d396e94f01851c01c6e2f19f19a221bfc484e63f9660c7377f58aa65246b95a9eb799ac4e6798c0b20f658edf00a4435e1efa</hash>
      </hashes>
      <licenses>
        <license>
          <id>CDDL-1.0</id>
        </license>
      </licenses>
      <purl>pkg:maven/javax.activation/activation@1.1?type=jar</purl>
      <externalReferences>
        <reference type="website">
          <url>http://java.sun.com/products/javabeans/jaf/index.jsp</url>
        </reference>
        <reference type="distribution">
          <url>https://maven-repository.dev.java.net/nonav/repository/javax.activation/jars/activation-1.1.jar</url>
        </reference>
      </externalReferences>
    </component>
    <component type="library" bom-ref="pkg:maven/org.slf4j/slf4j-api@2.0.9?type=jar">
      <publisher>QOS.ch</publisher>
      <group>org.slf4j</group>
      <name>slf4j-api</name>
      <version>2.0.9</version>
      <description>The slf4j API</description>
      <scope>optional</scope>
      <hashes>
        <hash alg="MD5">45630e54b0f0ac2b3c80462515ad8fda</hash>
        <hash alg="SHA-1">7cf2726fdcfbc8610f9a71fb3ed639871f315340</hash>
        <hash alg="SHA-256">0818930dc8d7debb403204611691da58e49d42c50b6ffcfdce02dadb7c3c2b6c</hash>
        <hash alg="SHA-512">069e6ddce79617e37d61758120c7e68348ee62f255781948937f7bec3058e46244026d7f6a11e90fbc15cd4288c4bb1acee4f242af521c721a9e68a05e64d526</hash>
        <hash alg="SHA-384">fd6f7ad85d02ac63cd1a586c8bb158c1fc000495f512f097731ea9f749b5da2637615b821294962805ba312c738f40aa</hash>
        <hash alg="SHA3-384">17cd61f59a162250b52a89c7c56eb60da253b776210500313c7b82744483ff84717946f969251fb4d76f9bb12a2458fe</hash>
        <hash alg="SHA3-256">9dcb04582c64c79e788f9191195834ec75bb3457133d22a176a0ccb069b97103</hash>
        <hash alg="SHA3-512">990faffa454598a3fa82affe30f1323db769d2e1fff20d9c7163ef6fd95ac7a0874c06a634207a2eaed9e5afbdee68b225138fc75018717ba97efe3ffe92c88a</hash>
      </hashes>
      <licenses>
        <license>
          <id>MIT</id>
          <url>https://opensource.org/licenses/MIT</url>
        </license>
      </licenses>
      <purl>pkg:maven/org.slf4j/slf4j-api@2.0.9?type=jar</purl>
      <externalReferences>
        <reference type="website">
          <url>http://www.slf4j.org</url>
        </reference>
        <reference type="distribution">
          <url>https://oss.sonatype.org/service/local/staging/deploy/maven2/</url>
        </reference>
        <reference type="vcs">
          <url>https://github.com/qos-ch/slf4j/slf4j-parent/slf4j-api</url>
        </reference>
      </externalReferences>
    </component>
    <component type="library" bom-ref="pkg:maven/com.fasterxml.woodstox/woodstox-core@6.5.1?type=jar">
      <publisher>FasterXML</publisher>
      <group>com.fasterxml.woodstox</group>
      <name>woodstox-core</name>
      <version>6.5.1</version>
      <description>Woodstox is a high-performance XML processor that implements Stax (JSR-173),
SAX2 and Stax2 APIs</description>
      <scope>optional</scope>
      <hashes>
        <hash alg="MD5">961dd4b2afedf95293dfdd8adfc8f211</hash>
        <hash alg="SHA-1">c6e52e84fe959e69a243c83ec7d24cd889444ddf</hash>
        <hash alg="SHA-256">c928d60665c6415fb1c39775cf95cfc44f7f4580cf5ab01b1c380ebffd76887f</hash>
        <hash alg="SHA-512">d9b3cf6aaac85d8c349e7a24ad30f7e23b7765f1b7ce2fdf301bf2240b9c7ee184bdd938e58be6df9ac90e97e3b8c7b34f8fa9da27d1ed8de78765a8345b18f2</hash>
        <hash alg="SHA-384">d51e67aae26449a2cdffa90a08b09cc805b85da3e758011a0945fc8b0ee8c18e98c6f94f0c0cf46b7a49e7370073068c</hash>
        <hash alg="SHA3-384">2e731b74e4814647b1a320cd2f1b9f9914db1cb07510e69fb4dda33c6b1586fb2ee9e3f5af027c98dd0d33e2ed4b19de</hash>
        <hash alg="SHA3-256">f84ca4c9bb77abb6e61930c7debee48497b2febc30d48329c6b15546dd00371b</hash>
        <hash alg="SHA3-512">257aea7a23c4631eaaa942763e639d239660f29cfb7190f0b112abf6301a214fcc8e84b118ba73d92861a5f441bee479908a4831352ce2278d3d40ef51067894</hash>
      </hashes>
      <licenses>
        <license>
          <id>Apache-2.0</id>
        </license>
      </licenses>
      <purl>pkg:maven/com.fasterxml.woodstox/woodstox-core@6.5.1?type=jar</purl>
      <externalReferences>
        <reference type="website">
          <url>https://github.com/FasterXML/woodstox</url>
        </reference>
        <reference type="distribution">
          <url>https://oss.sonatype.org/service/local/staging/deploy/maven2/</url>
        </reference>
        <reference type="issue-tracker">
          <url>https://github.com/FasterXML/woodstox/issues</url>
        </reference>
        <reference type="vcs">
          <url>https://github.com/FasterXML/woodstox</url>
        </reference>
      </externalReferences>
    </component>
    <component type="library" bom-ref="pkg:maven/biz.aQute.bnd/biz.aQute.bnd.annotation@7.0.0?type=jar">
      <publisher>Bndtools</publisher>
      <group>biz.aQute.bnd</group>
      <name>biz.aQute.bnd.annotation</name>
      <version>7.0.0</version>
      <description>bnd Annotations Library</description>
      <scope>required</scope>
      <hashes>
        <hash alg="MD5">0339bd011cf13131841417c0de7452f5</hash>
        <hash alg="SHA-1">8ad279ebf0d04ea89c5ce4d934189d0d16bb6d50</hash>
        <hash alg="SHA-256">a0090390963dd2092f8abb6d76092bab1696494d2e31b127f5b1b2bf29c08638</hash>
        <hash alg="SHA-512">6e96cffe60466e9bd5730c93686a6ae252958be6202ba07d235239f0033b9a1cc53faad327ddaebab9eab30825b881acc6296777851028c7fad5668cbbe99c81</hash>
        <hash alg="SHA-384">f51cd44911333bf7c2f58bdf7440062c138005c8332be3bf69b0ab0d9d93af4d1e1dde3a4eae5bfae92e835b70e6f561</hash>
        <hash alg="SHA3-384">7e93113ee29b6fbed02fbeac096582476b0b7c04703a54ecf0c3c89cab6fff06bc486d072c78f5a19e2c7da1c603b9d2</hash>
        <hash alg="SHA3-256">e0a35d4ec2afe652ef58a37a9f2491349527e86c7a1b37d13436fdfef77f32b2</hash>
        <hash alg="SHA3-512">62783affe413b5419c08008094a43e63712c65d6e4a0cd345e58e1a7c66dc32a08f2e68852d14641d30da31d665091c19571809145f769480cb0b80e0ad003e9</hash>
      </hashes>
      <licenses>
        <license>
          <name>(Apache-2.0 OR EPL-2.0)</name>
          <url>https://opensource.org/licenses/Apache-2.0,https://opensource.org/licenses/EPL-2.0</url>
        </license>
      </licenses>
      <purl>pkg:maven/biz.aQute.bnd/biz.aQute.bnd.annotation@7.0.0?type=jar</purl>
      <externalReferences>
        <reference type="website">
          <url>https://bnd.bndtools.org/</url>
        </reference>
        <reference type="vcs">
          <url>https://github.com/bndtools/bnd</url>
        </reference>
      </externalReferences>
    </component>
    <component type="library" bom-ref="pkg:maven/org.osgi/org.osgi.resource@1.0.0?type=jar">
      <publisher>OSGi Alliance</publisher>
      <group>org.osgi</group>
      <name>org.osgi.resource</name>
      <version>1.0.0</version>
      <description>OSGi Companion Code for org.osgi.resource Version 1.0.0.</description>
      <scope>required</scope>
      <hashes>
        <hash alg="MD5">7d857a4203e2996fab0cf070133e43df</hash>
        <hash alg="SHA-1">343c88949132984b3f2d4175a72c40b77dc65619</hash>
        <hash alg="SHA-256">81fc50f1f1d38a4af28e131907d4afe213249aab05060484edca0e60c4af9b4a</hash>
        <hash alg="SHA-512">4e798790856f83f50832db80bfab64dfceeff1c509d7dde43e74a9f9192ea7a7d5ea77b9b1e81291fa6ba3dcef5ab8fa791ca8093a72a08d7ca6f6499e13e506</hash>
        <hash alg="SHA-384">73038c395166552b64b6b5469bd8056584f48d19b5762df2e8bd2770405ed8f6071e397a87d9a7ed39f8c2e0e8ab85b2</hash>
        <hash alg="SHA3-384">e06c8a460b3bf06d6cb22237aeffa6afd2eadd9461096c67b768a14603ad8aaa88f891d03cf0a273a99d86906c1c8eb3</hash>
        <hash alg="SHA3-256">1097cfd20e80ce368fd828a23ad7c32a202cebd92106f6ebb88ba55ca74349ee</hash>
        <hash alg="SHA3-512">d7b710e1e0484badb875f326c602c90df6705df48b0f057320919a5255d3ecbddd7053eabc68787480a70aebd7e553e9f51728112e1fa0846c849366b7e8d69b</hash>
      </hashes>
      <licenses>
        <license>
          <id>Apache-2.0</id>
        </license>
      </licenses>
      <purl>pkg:maven/org.osgi/org.osgi.resource@1.0.0?type=jar</purl>
      <externalReferences>
        <reference type="website">
          <url>http://www.osgi.org/</url>
        </reference>
        <reference type="vcs">
          <url>https://osgi.org/git/build.git</url>
        </reference>
      </externalReferences>
    </component>
    <component type="library" bom-ref="pkg:maven/org.osgi/org.osgi.service.serviceloader@1.0.0?type=jar">
      <publisher>OSGi Alliance</publisher>
      <group>org.osgi</group>
      <name>org.osgi.service.serviceloader</name>
      <version>1.0.0</version>
      <description>OSGi Companion Code for org.osgi.service.serviceloader Version 1.0.0.</description>
      <scope>required</scope>
      <hashes>
        <hash alg="MD5">4943f0102a6d893c4dd77f369a5f0537</hash>
        <hash alg="SHA-1">3728ff37909c6a3c1870b3e851342d9f2bd3cc63</hash>
        <hash alg="SHA-256">8f876ce2a9aa4e95b1f1952950255103e2487425050a654f3285447ba601c154</hash>
        <hash alg="SHA-512">a7def4cb7a8ed992645faa80a780e0b30bd39c1587b5bcb65fe170d10842d0d880c2849edd50c64807fe0e4b9cc0051337d1b161d0d390465d9e63a762861c49</hash>
        <hash alg="SHA-384">1e480694b8a541da4cd1e044d3f3ea3cd55152515ac022b80d865b6654242506c2138daabb4e71c30d36b12b9aaf676d</hash>
        <hash alg="SHA3-384">7f076af200ae9c2bd9f235b949aee01a1a758c8aac10fee8b98ec2497197d2029117d5627eb0eabd9b42979eb1baa009</hash>
        <hash alg="SHA3-256">83b1dce69c4c899176eb6e368e434ecb77dfed7c436530b8c5d08b9b6f2430aa</hash>
        <hash alg="SHA3-512">5debde53a7ead231dcd907467d59728f59cae4eb3b967c19808f78890bd97d2f04657cad9c093e88f9818338b0b3b38a57c66400ebcff61fbb26d18e9f7bf8ed</hash>
      </hashes>
      <licenses>
        <license>
          <id>Apache-2.0</id>
        </license>
      </licenses>
      <purl>pkg:maven/org.osgi/org.osgi.service.serviceloader@1.0.0?type=jar</purl>
      <externalReferences>
        <reference type="website">
          <url>http://www.osgi.org/</url>
        </reference>
        <reference type="vcs">
          <url>https://osgi.org/git/build.git</url>
        </reference>
      </externalReferences>
    </component>
    <component type="library" bom-ref="pkg:maven/com.google.errorprone/error_prone_annotations@2.23.0?type=jar">
      <publisher>Google LLC</publisher>
      <group>com.google.errorprone</group>
      <name>error_prone_annotations</name>
      <version>2.23.0</version>
      <description>Error Prone is a static analysis tool for Java that catches common programming mistakes at compile-time.</description>
      <scope>required</scope>
      <hashes>
        <hash alg="MD5">b3ea764beb68c9b44cf57c1b5a5608b2</hash>
        <hash alg="SHA-1">43a27853b6c7d54893e0b1997c2c778c347179eb</hash>
        <hash alg="SHA-256">ec6f39f068b6ff9ac323c68e28b9299f8c0a80ca512dccb1d4a70f40ac3ec054</hash>
        <hash alg="SHA-512">a71637e21cdd4f236494af2fabe6ddcf3173c53627b9157913195e9f5b4a6b1d000122d7eb10229059f50deb8115d91fd25d2f12a3887936a19238477c623bc7</hash>
        <hash alg="SHA-384">1301f6229ac0c890bcf1356ef255d97dcebcf6a35f45f3321d7b13b164a4d89a96459fea25c5b0d280d86388eb05cbfb</hash>
        <hash alg="SHA3-384">31b07b9d8541da42debf6dd119254d1e480c05549ee7ecf4295adc2553130ec5220ae9e5e0da74a55f75044bd2a794b6</hash>
        <hash alg="SHA3-256">0c3566a22f558ba7bbbcab6b00bef402032f55cb299b949aa947b08db528bd58</hash>
        <hash alg="SHA3-512">50d8990e8ffcd78e62899cde5790fbde4bdd3e362494d5261aff80bcefc3224c2c1df58bd9d4cda32a893dd8d94c8b0f65e24fda0e6a42d7176c2aed56e50358</hash>
      </hashes>
      <licenses>
        <license>
          <id>Apache-2.0</id>
        </license>
      </licenses>
      <purl>pkg:maven/com.google.errorprone/error_prone_annotations@2.23.0?type=jar</purl>
      <externalReferences>
        <reference type="website">
          <url>https://errorprone.info/error_prone_annotations</url>
        </reference>
        <reference type="vcs">
          <url>https://github.com/google/error-prone/error_prone_annotations</url>
        </reference>
      </externalReferences>
    </component>
    <component type="library" bom-ref="pkg:maven/org.osgi/osgi.annotation@8.1.0?type=jar">
      <publisher>Eclipse Foundation</publisher>
      <group>org.osgi</group>
      <name>osgi.annotation</name>
      <version>8.1.0</version>
      <description>OSGi Annotation Release 8, Annotations for use in compiling bundles</description>
      <scope>required</scope>
      <hashes>
        <hash alg="MD5">3bcfab9c55a2bcc158aa4953084021b6</hash>
        <hash alg="SHA-1">59d42736bcc0af2144ba5c1a12ff7c08ea4b7e12</hash>
        <hash alg="SHA-256">68afeb86a5322675d4dfe3df5863c7d8a37b34c18e3a8e41553f1ab3ac15d78f</hash>
        <hash alg="SHA-512">a190fa888fd22c2c31455d672b3e50ca79fa9f02269b9d45f6e6fc189dc8f90d20663e290f151a851e010b52ce87e62dc5079253c3e59caa72f11ea6248ffb26</hash>
        <hash alg="SHA-384">581c88a48fc7df5edae29712f943ef780fb0f32b4eee10dfcaa879f122f19fd1645b961b38bc0a97dd894d89952fdb68</hash>
        <hash alg="SHA3-384">ab4fab76440671def19eb0ca3370d8f0f8a915df4ec92e5aa2b9e12a4b97aa49301c51ccd28a2d2718beec6fe8105bc6</hash>
        <hash alg="SHA3-256">6849ce4a9cad5dbf2dce1ad817442821a633f8ae10ab1ccde69ac46d26127a46</hash>
        <hash alg="SHA3-512">3c3ce68b5ae1ea157f78d72a210cc152375fd8819a7c85ed5c718fbe387ffb522715e1b0dfa5094caed1e8bbe4b8fcc6d2aadd1cd3851f4c0fffebda5acaebba</hash>
      </hashes>
      <licenses>
        <license>
          <id>Apache-2.0</id>
          <url>https://www.apache.org/licenses/LICENSE-2.0</url>
        </license>
      </licenses>
      <purl>pkg:maven/org.osgi/osgi.annotation@8.1.0?type=jar</purl>
      <externalReferences>
        <reference type="website">
          <url>https://docs.osgi.org/</url>
        </reference>
        <reference type="vcs">
          <url>https://github.com/osgi/osgi</url>
        </reference>
      </externalReferences>
    </component>
    <component type="library" bom-ref="pkg:maven/org.osgi/org.osgi.annotation.bundle@2.0.0?type=jar">
      <publisher>Eclipse Foundation</publisher>
      <group>org.osgi</group>
      <name>org.osgi.annotation.bundle</name>
      <version>2.0.0</version>
      <description>OSGi Companion Code for org.osgi.annotation.bundle Version 2.0.0</description>
      <scope>required</scope>
      <hashes>
        <hash alg="MD5">19115314a0ce4cfb711a811dcc0be0a3</hash>
        <hash alg="SHA-1">f5c2cd6e670c3c5d440d3003efd5ef2ead5c68eb</hash>
        <hash alg="SHA-256">b9c9546ec5be3ebc2e85ba4919150ad76d64594805282fc895133a47d264a7ae</hash>
        <hash alg="SHA-512">f16b8983240ba3c08d6bc78e2eae92e89eb528f32a705961d90b463def0a5ed1ba08cc3d0be38b5dcfb946c6f759df772e122fb769e58e8c20aa79a489a1fd21</hash>
        <hash alg="SHA-384">88217b7d3a2d9a0a3f005162b95d68ba2bd29629688b2c32e93e4587d89fe6bd468f5c62ef422ebf2b609d402e62ff56</hash>
        <hash alg="SHA3-384">c7ee64dd3e235d900d01d8629b82245303d34a006e1edcd2571ef736d9c6256dcb718be326ad4909cb6d2cea26118ea9</hash>
        <hash alg="SHA3-256">9adcacb036caf30d17a13fcd5952a35e011678b1dbfabafdff73dba065ace8a3</hash>
        <hash alg="SHA3-512">76bec6bb2cdbc8da043760a7aedd51203c8d70b740c9b8de0ba6b0cf9ad991a58059566e7f62dee30606f32d267b2596d5bd5e885c73e336ae7fff6cf7f970db</hash>
      </hashes>
      <licenses>
        <license>
          <id>Apache-2.0</id>
          <url>https://www.apache.org/licenses/LICENSE-2.0</url>
        </license>
      </licenses>
      <purl>pkg:maven/org.osgi/org.osgi.annotation.bundle@2.0.0?type=jar</purl>
      <externalReferences>
        <reference type="website">
          <url>https://docs.osgi.org/</url>
        </reference>
        <reference type="vcs">
          <url>https://github.com/osgi/osgi</url>
        </reference>
      </externalReferences>
    </component>
    <component type="library" bom-ref="pkg:maven/org.osgi/org.osgi.annotation.versioning@1.1.2?type=jar">
      <publisher>Eclipse Foundation</publisher>
      <group>org.osgi</group>
      <name>org.osgi.annotation.versioning</name>
      <version>1.1.2</version>
      <description>OSGi Companion Code for org.osgi.annotation.versioning Version 1.1.2</description>
      <scope>required</scope>
      <hashes>
        <hash alg="MD5">a61b3b8d09c85ad296c61e21bf77ec70</hash>
        <hash alg="SHA-1">dc3cd4ec96c0b3c5459fe00694bd73a816ecf93e</hash>
        <hash alg="SHA-256">f51f235e80df8ffbc30ef1b557b6ea38a696632d675404ec117e952978b8b863</hash>
        <hash alg="SHA-512">a4c612bec624a168f25f0923d51925bbc914686673eeebd5b2442998b876f05855e2b0a6e6e9aca4a6533ed3156b0d24f94c3e508ee9778e1b2e469be318afa3</hash>
        <hash alg="SHA-384">68a2046f083a2e77304622a56d07c0e73ba88534af4a87b5428cebf8b638c40ce21bbac089a8b5520ad488c946b633ea</hash>
        <hash alg="SHA3-384">930734f6979650191d51cd8bf1f9ab4548d307950735aa98e2dbda7aecc19b49d01a3b968824f6df2ffafce65e122c60</hash>
        <hash alg="SHA3-256">513392d0e8ddd873d04c5cf4f402a9cfe094413832bb859fe37b70fd0512dd12</hash>
        <hash alg="SHA3-512">3d2bd7d2eb784a9fab4b09c42adb0722363079235340f1915bb82a99f1c5e616ee8f3dc34d2c90b941d2651dcb4f393c7fea3e23b579456a696604148d10f22b</hash>
      </hashes>
      <licenses>
        <license>
          <id>Apache-2.0</id>
          <url>https://www.apache.org/licenses/LICENSE-2.0</url>
        </license>
      </licenses>
      <purl>pkg:maven/org.osgi/org.osgi.annotation.versioning@1.1.2?type=jar</purl>
      <externalReferences>
        <reference type="website">
          <url>https://docs.osgi.org/</url>
        </reference>
        <reference type="vcs">
          <url>https://github.com/osgi/osgi</url>
        </reference>
      </externalReferences>
    </component>
    <component type="library" bom-ref="pkg:maven/com.github.spotbugs/spotbugs-annotations@4.8.3?type=jar">
      <group>com.github.spotbugs</group>
      <name>spotbugs-annotations</name>
      <version>4.8.3</version>
      <description>Annotations the SpotBugs tool supports</description>
      <scope>required</scope>
      <hashes>
        <hash alg="MD5">cd5917b77643c3a7ba5420aea78f940c</hash>
        <hash alg="SHA-1">05d2dc4ca5b632976371155252499819aea372ed</hash>
        <hash alg="SHA-256">e5d4f60be8e57595766ba7f1d4535dc46aebf98dae05e16372a4d4120d3ebb6b</hash>
        <hash alg="SHA-512">1a64f6911a94654d440ce4918395af0cbdee79696acbcf727af79134b02e6be17956fffa8f39e05fa9e22e336041443eb31165b338164b48a1c70f947e66d68b</hash>
        <hash alg="SHA-384">6875428ea8454185df4ac50b6551f9d9ba7d9152083eec2ecc5046aa464767982abfe0733c258f2dfed9fc3f2ad68add</hash>
        <hash alg="SHA3-384">25422667753a299021150558bf094a6bd5a521a0b736d94866f807f3246b11a0574e9e480f85c7a894258979afdaedd4</hash>
        <hash alg="SHA3-256">116a3c20fdd3253ab1cfc1bdc95c8d4eb3c454b3f7d89af1d2b87bde4b890c88</hash>
        <hash alg="SHA3-512">0e9ee42600abe9496fedc2d82cd71e51fd05f26c0094c1710025d3931b79507a3502a9f9e83fddefeb6ed784123c7faa7251bd58368e78cdcc218481cd05045d</hash>
      </hashes>
      <licenses>
        <license>
          <id>LGPL-2.1-only</id>
        </license>
      </licenses>
      <purl>pkg:maven/com.github.spotbugs/spotbugs-annotations@4.8.3?type=jar</purl>
      <externalReferences>
        <reference type="website">
          <url>https://spotbugs.github.io/</url>
        </reference>
        <reference type="vcs">
          <url>https://github.com/spotbugs/spotbugs/</url>
        </reference>
      </externalReferences>
    </component>
    <component type="library" bom-ref="pkg:maven/com.google.code.findbugs/jsr305@3.0.2?type=jar">
      <group>com.google.code.findbugs</group>
      <name>jsr305</name>
      <version>3.0.2</version>
      <description>JSR305 Annotations for Findbugs</description>
      <scope>required</scope>
      <hashes>
        <hash alg="MD5">dd83accb899363c32b07d7a1b2e4ce40</hash>
        <hash alg="SHA-1">25ea2e8b0c338a877313bd4672d3fe056ea78f0d</hash>
        <hash alg="SHA-256">766ad2a0783f2687962c8ad74ceecc38a28b9f72a2d085ee438b7813e928d0c7</hash>
        <hash alg="SHA-512">bb09db62919a50fa5b55906013be6ca4fc7acb2e87455fac5eaf9ede2e41ce8bbafc0e5a385a561264ea4cd71bbbd3ef5a45e02d63277a201d06a0ae1636f804</hash>
        <hash alg="SHA-384">ca0b169d3eb2d0922dc031133a021f861a043bb3e405a88728215fd6ff00fa52fdc7347842dcc2031472e3726164bdc4</hash>
        <hash alg="SHA3-384">9903fd7505218999f8262efedb3d935d64bcef84aae781064ab5e1b24755466b269517cada562fa140cd1d417ede57a1</hash>
        <hash alg="SHA3-256">223fda9a89a461afaae73b177a2dc20ed4a90f2f8757f5c65f3241b0510f00ff</hash>
        <hash alg="SHA3-512">3996b5af57a5d5c6a0cd62b11773360fb051dd86a2ba968476806a2a5d32049b82d69a24a3c694e8fe4d735be6a28e41000cc500cc2a9fb577e058045855d2d6</hash>
      </hashes>
      <licenses>
        <license>
          <id>Apache-2.0</id>
        </license>
      </licenses>
      <purl>pkg:maven/com.google.code.findbugs/jsr305@3.0.2?type=jar</purl>
      <externalReferences>
        <reference type="website">
          <url>http://findbugs.sourceforge.net/</url>
        </reference>
        <reference type="distribution">
          <url>https://oss.sonatype.org/service/local/staging/deploy/maven2/</url>
        </reference>
        <reference type="vcs">
          <url>https://code.google.com/p/jsr-305/</url>
        </reference>
      </externalReferences>
    </component>
  </components>
  <dependencies>
    <dependency ref="pkg:maven/org.apache.logging.log4j/log4j-core@2.22.1?type=jar">
      <dependency ref="pkg:maven/javax.activation/javax.activation-api@1.2.0?type=jar"/>
      <dependency ref="pkg:maven/javax.jms/javax.jms-api@2.0.1?type=jar"/>
      <dependency ref="pkg:maven/javax.mail/javax.mail-api@1.6.2?type=jar"/>
      <dependency ref="pkg:maven/org.osgi/org.osgi.core@6.0.0?type=jar"/>
      <dependency ref="pkg:maven/org.apache.logging.log4j/log4j-api@2.22.1?type=jar"/>
      <dependency ref="pkg:maven/org.apache.commons/commons-compress@1.25.0?type=jar"/>
      <dependency ref="pkg:maven/org.apache.commons/commons-csv@1.10.0?type=jar"/>
      <dependency ref="pkg:maven/com.conversantmedia/disruptor@1.2.15?type=jar"/>
      <dependency ref="pkg:maven/com.lmax/disruptor@3.4.4?type=jar"/>
      <dependency ref="pkg:maven/com.fasterxml.jackson.core/jackson-core@2.16.0?type=jar"/>
      <dependency ref="pkg:maven/com.fasterxml.jackson.core/jackson-databind@2.16.0?type=jar"/>
      <dependency ref="pkg:maven/com.fasterxml.jackson.dataformat/jackson-dataformat-xml@2.16.0?type=jar"/>
      <dependency ref="pkg:maven/com.fasterxml.jackson.dataformat/jackson-dataformat-yaml@2.16.0?type=jar"/>
      <dependency ref="pkg:maven/org.fusesource.jansi/jansi@2.4.1?type=jar"/>
      <dependency ref="pkg:maven/org.jctools/jctools-core@4.0.2?type=jar"/>
      <dependency ref="pkg:maven/org.zeromq/jeromq@0.5.4?type=jar"/>
      <dependency ref="pkg:maven/org.apache.kafka/kafka-clients@3.6.1?type=jar"/>
      <dependency ref="pkg:maven/com.sun.mail/javax.mail@1.6.2?type=jar"/>
      <dependency ref="pkg:maven/org.slf4j/slf4j-api@2.0.9?type=jar"/>
      <dependency ref="pkg:maven/com.fasterxml.woodstox/woodstox-core@6.5.1?type=jar"/>
      <dependency ref="pkg:maven/biz.aQute.bnd/biz.aQute.bnd.annotation@7.0.0?type=jar"/>
      <dependency ref="pkg:maven/com.google.errorprone/error_prone_annotations@2.23.0?type=jar"/>
      <dependency ref="pkg:maven/org.osgi/osgi.annotation@8.1.0?type=jar"/>
      <dependency ref="pkg:maven/org.osgi/org.osgi.annotation.bundle@2.0.0?type=jar"/>
      <dependency ref="pkg:maven/com.github.spotbugs/spotbugs-annotations@4.8.3?type=jar"/>
    </dependency>
    <dependency ref="pkg:maven/javax.activation/javax.activation-api@1.2.0?type=jar"/>
    <dependency ref="pkg:maven/javax.jms/javax.jms-api@2.0.1?type=jar"/>
    <dependency ref="pkg:maven/javax.mail/javax.mail-api@1.6.2?type=jar"/>
    <dependency ref="pkg:maven/org.osgi/org.osgi.core@6.0.0?type=jar"/>
    <dependency ref="pkg:maven/org.apache.logging.log4j/log4j-api@2.22.1?type=jar"/>
    <dependency ref="pkg:maven/org.apache.commons/commons-compress@1.25.0?type=jar"/>
    <dependency ref="pkg:maven/org.apache.commons/commons-csv@1.10.0?type=jar"/>
    <dependency ref="pkg:maven/com.conversantmedia/disruptor@1.2.15?type=jar">
      <dependency ref="pkg:maven/org.slf4j/slf4j-api@2.0.9?type=jar"/>
    </dependency>
    <dependency ref="pkg:maven/org.slf4j/slf4j-api@2.0.9?type=jar"/>
    <dependency ref="pkg:maven/com.lmax/disruptor@3.4.4?type=jar"/>
    <dependency ref="pkg:maven/com.fasterxml.jackson.core/jackson-core@2.16.0?type=jar"/>
    <dependency ref="pkg:maven/com.fasterxml.jackson.core/jackson-databind@2.16.0?type=jar">
      <dependency ref="pkg:maven/com.fasterxml.jackson.core/jackson-annotations@2.16.0?type=jar"/>
      <dependency ref="pkg:maven/com.fasterxml.jackson.core/jackson-core@2.16.0?type=jar"/>
    </dependency>
    <dependency ref="pkg:maven/com.fasterxml.jackson.core/jackson-annotations@2.16.0?type=jar"/>
    <dependency ref="pkg:maven/com.fasterxml.jackson.dataformat/jackson-dataformat-xml@2.16.0?type=jar">
      <dependency ref="pkg:maven/com.fasterxml.jackson.core/jackson-core@2.16.0?type=jar"/>
      <dependency ref="pkg:maven/com.fasterxml.jackson.core/jackson-annotations@2.16.0?type=jar"/>
      <dependency ref="pkg:maven/com.fasterxml.jackson.core/jackson-databind@2.16.0?type=jar"/>
      <dependency ref="pkg:maven/org.codehaus.woodstox/stax2-api@4.2.1?type=jar"/>
      <dependency ref="pkg:maven/com.fasterxml.woodstox/woodstox-core@6.5.1?type=jar"/>
    </dependency>
    <dependency ref="pkg:maven/org.codehaus.woodstox/stax2-api@4.2.1?type=jar"/>
    <dependency ref="pkg:maven/com.fasterxml.woodstox/woodstox-core@6.5.1?type=jar">
      <dependency ref="pkg:maven/org.codehaus.woodstox/stax2-api@4.2.1?type=jar"/>
    </dependency>
    <dependency ref="pkg:maven/com.fasterxml.jackson.dataformat/jackson-dataformat-yaml@2.16.0?type=jar">
      <dependency ref="pkg:maven/com.fasterxml.jackson.core/jackson-databind@2.16.0?type=jar"/>
      <dependency ref="pkg:maven/org.yaml/snakeyaml@2.2?type=jar"/>
      <dependency ref="pkg:maven/com.fasterxml.jackson.core/jackson-core@2.16.0?type=jar"/>
    </dependency>
    <dependency ref="pkg:maven/org.yaml/snakeyaml@2.2?type=jar"/>
    <dependency ref="pkg:maven/org.fusesource.jansi/jansi@2.4.1?type=jar"/>
    <dependency ref="pkg:maven/org.jctools/jctools-core@4.0.2?type=jar"/>
    <dependency ref="pkg:maven/org.zeromq/jeromq@0.5.4?type=jar">
      <dependency ref="pkg:maven/eu.neilalexander/jnacl@1.0.0?type=jar"/>
    </dependency>
    <dependency ref="pkg:maven/eu.neilalexander/jnacl@1.0.0?type=jar"/>
    <dependency ref="pkg:maven/org.apache.kafka/kafka-clients@3.6.1?type=jar">
      <dependency ref="pkg:maven/com.github.luben/zstd-jni@1.5.5-11?type=jar"/>
      <dependency ref="pkg:maven/org.lz4/lz4-java@1.8.0?type=jar"/>
      <dependency ref="pkg:maven/org.xerial.snappy/snappy-java@1.1.10.5?type=jar"/>
      <dependency ref="pkg:maven/org.slf4j/slf4j-api@2.0.9?type=jar"/>
    </dependency>
    <dependency ref="pkg:maven/com.github.luben/zstd-jni@1.5.5-11?type=jar"/>
    <dependency ref="pkg:maven/org.lz4/lz4-java@1.8.0?type=jar"/>
    <dependency ref="pkg:maven/org.xerial.snappy/snappy-java@1.1.10.5?type=jar"/>
    <dependency ref="pkg:maven/com.sun.mail/javax.mail@1.6.2?type=jar">
      <dependency ref="pkg:maven/javax.activation/activation@1.1?type=jar"/>
    </dependency>
    <dependency ref="pkg:maven/javax.activation/activation@1.1?type=jar"/>
    <dependency ref="pkg:maven/biz.aQute.bnd/biz.aQute.bnd.annotation@7.0.0?type=jar">
      <dependency ref="pkg:maven/org.osgi/org.osgi.resource@1.0.0?type=jar"/>
      <dependency ref="pkg:maven/org.osgi/org.osgi.service.serviceloader@1.0.0?type=jar"/>
    </dependency>
    <dependency ref="pkg:maven/org.osgi/org.osgi.resource@1.0.0?type=jar"/>
    <dependency ref="pkg:maven/org.osgi/org.osgi.service.serviceloader@1.0.0?type=jar"/>
    <dependency ref="pkg:maven/com.google.errorprone/error_prone_annotations@2.23.0?type=jar"/>
    <dependency ref="pkg:maven/org.osgi/osgi.annotation@8.1.0?type=jar"/>
    <dependency ref="pkg:maven/org.osgi/org.osgi.annotation.bundle@2.0.0?type=jar">
      <dependency ref="pkg:maven/org.osgi/org.osgi.annotation.versioning@1.1.2?type=jar"/>
    </dependency>
    <dependency ref="pkg:maven/org.osgi/org.osgi.annotation.versioning@1.1.2?type=jar"/>
    <dependency ref="pkg:maven/com.github.spotbugs/spotbugs-annotations@4.8.3?type=jar">
      <dependency ref="pkg:maven/com.google.code.findbugs/jsr305@3.0.2?type=jar"/>
    </dependency>
    <dependency ref="pkg:maven/com.google.code.findbugs/jsr305@3.0.2?type=jar"/>
  </dependencies>
</bom>
